<?xml version="1.0" encoding="UTF-8"?>
<con:soapui-project activeEnvironment="Default" name="REST Callable Async Flows" resourceRoot="${projectDir}" soapui-version="5.0.0" abortOnError="false" runType="SEQUENTIAL" xmlns:con="http://eviware.com/soapui/config"><con:settings><con:setting id="com.eviware.soapui.impl.wsdl.actions.iface.tools.soapui.TestRunnerAction@values-local"><![CDATA[<xml-fragment xmlns:con="http://eviware.com/soapui/config">
  <con:entry key="Environment" value="Default"/>
  <con:entry key="Global Properties" value=""/>
  <con:entry key="TestSuite" value="HR_Services_LoadTest"/>
  <con:entry key="Password" value=""/>
  <con:entry key="TestRunner Path" value=""/>
  <con:entry key="Tool Args" value=""/>
  <con:entry key="Ignore Errors" value="false"/>
  <con:entry key="Host:Port" value=""/>
  <con:entry key="user-settings.xml Password" value=""/>
  <con:entry key="WSS Password Type" value=""/>
  <con:entry key="Save Project" value="false"/>
  <con:entry key="Enable UI" value="false"/>
  <con:entry key="System Properties" value=""/>
  <con:entry key="Domain" value=""/>
  <con:entry key="Coverage Report" value="false"/>
  <con:entry key="Export JUnit Results" value="false"/>
  <con:entry key="Open Report" value="false"/>
  <con:entry key="Project Properties" value=""/>
  <con:entry key="Export All" value="false"/>
  <con:entry key="Project Password" value=""/>
  <con:entry key="Report Format(s)" value=""/>
  <con:entry key="TestCase" value="&lt;all>"/>
  <con:entry key="Print Report" value="false"/>
  <con:entry key="Username" value=""/>
  <con:entry key="Root Folder" value=""/>
  <con:entry key="Save After" value="false"/>
  <con:entry key="Add Settings" value="false"/>
  <con:entry key="Endpoint" value=""/>
  <con:entry key="Select Report Type" value=""/>
</xml-fragment>]]></con:setting></con:settings><con:interface xsi:type="con:RestService" wadlVersion="http://wadl.dev.java.net/2009/02" name="http://localhost:7800" type="rest" xmlns:xsi="http://www.w3.org/2001/XMLSchema-instance"><con:settings/><con:definitionCache type="TEXT" rootPart=""/><con:endpoints><con:endpoint>http://localhost:7800</con:endpoint></con:endpoints><con:resource name="Resources" path="/employees/{employeeNumber}/CallableFlowsExample"><con:settings/><con:parameters><con:parameter><con:name>employeeNumber</con:name><con:style>TEMPLATE</con:style></con:parameter></con:parameters><con:method name="Resources" method="GET"><con:settings/><con:parameters/><con:representation type="FAULT"><con:mediaType xsi:nil="true"/><con:status>405</con:status><con:params/><con:element>data</con:element></con:representation><con:representation type="REQUEST"><con:mediaType>application/json</con:mediaType><con:params/></con:representation><con:representation type="FAULT"><con:mediaType xsi:nil="true"/><con:status>404</con:status><con:params/><con:element>data</con:element></con:representation><con:representation type="FAULT"><con:mediaType xsi:nil="true"/><con:status>405</con:status><con:params/><con:element>data</con:element></con:representation><con:representation type="FAULT"><con:mediaType xsi:nil="true"/><con:status>405</con:status><con:params/><con:element>data</con:element></con:representation><con:representation type="FAULT"><con:mediaType xsi:nil="true"/><con:status>405</con:status><con:params/><con:element>data</con:element></con:representation><con:representation type="FAULT"><con:mediaType xsi:nil="true"/><con:status>405</con:status><con:params/><con:element>data</con:element></con:representation><con:representation type="FAULT"><con:mediaType xsi:nil="true"/><con:status>405</con:status><con:params/><con:element>data</con:element></con:representation><con:representation type="FAULT"><con:mediaType xsi:nil="true"/><con:status>405</con:status><con:params/><con:element>data</con:element></con:representation><con:representation type="FAULT"><con:mediaType xsi:nil="true"/><con:status>405</con:status><con:params/><con:element>data</con:element></con:representation><con:representation type="FAULT"><con:mediaType xsi:nil="true"/><con:status>405</con:status><con:params/><con:element>data</con:element></con:representation><con:representation type="FAULT"><con:mediaType xsi:nil="true"/><con:status>405</con:status><con:params/><con:element>data</con:element></con:representation><con:representation type="FAULT"><con:mediaType xsi:nil="true"/><con:status>405</con:status><con:params/><con:element>data</con:element></con:representation><con:representation type="FAULT"><con:mediaType xsi:nil="true"/><con:status>405</con:status><con:params/><con:element>data</con:element></con:representation><con:representation type="FAULT"><con:mediaType xsi:nil="true"/><con:status>405</con:status><con:params/><con:element>data</con:element></con:representation><con:representation type="FAULT"><con:mediaType xsi:nil="true"/><con:status>405</con:status><con:params/><con:element>data</con:element></con:representation><con:representation type="FAULT"><con:mediaType xsi:nil="true"/><con:status>405</con:status><con:params/><con:element>data</con:element></con:representation><con:representation type="FAULT"><con:mediaType xsi:nil="true"/><con:status>405</con:status><con:params/><con:element>data</con:element></con:representation><con:representation type="FAULT"><con:mediaType xsi:nil="true"/><con:status>405</con:status><con:params/><con:element>data</con:element></con:representation><con:representation type="FAULT"><con:mediaType xsi:nil="true"/><con:status>405</con:status><con:params/><con:element>data</con:element></con:representation><con:representation type="FAULT"><con:mediaType xsi:nil="true"/><con:status>405</con:status><con:params/><con:element>data</con:element></con:representation><con:representation type="FAULT"><con:mediaType xsi:nil="true"/><con:status>405</con:status><con:params/><con:element>data</con:element></con:representation><con:representation type="FAULT"><con:mediaType xsi:nil="true"/><con:status>405</con:status><con:params/><con:element>data</con:element></con:representation><con:representation type="FAULT"><con:mediaType xsi:nil="true"/><con:status>404</con:status><con:params/><con:element>data</con:element></con:representation><con:representation type="FAULT"><con:mediaType xsi:nil="true"/><con:status>404</con:status><con:params/><con:element>data</con:element></con:representation><con:representation type="FAULT"><con:mediaType xsi:nil="true"/><con:status>405</con:status><con:params/><con:element>data</con:element></con:representation><con:representation type="FAULT"><con:mediaType xsi:nil="true"/><con:status>405</con:status><con:params/><con:element>data</con:element></con:representation><con:representation type="FAULT"><con:mediaType xsi:nil="true"/><con:status>405</con:status><con:params/><con:element>data</con:element></con:representation><con:representation type="FAULT"><con:mediaType xsi:nil="true"/><con:status>405</con:status><con:params/><con:element>data</con:element></con:representation><con:representation type="FAULT"><con:mediaType xsi:nil="true"/><con:status>405</con:status><con:params/><con:element>data</con:element></con:representation><con:representation type="FAULT"><con:mediaType xsi:nil="true"/><con:status>405</con:status><con:params/><con:element>data</con:element></con:representation><con:representation type="FAULT"><con:mediaType xsi:nil="true"/><con:status>405</con:status><con:params/><con:element>data</con:element></con:representation><con:representation type="FAULT"><con:mediaType xsi:nil="true"/><con:status>405</con:status><con:params/><con:element>data</con:element></con:representation><con:representation type="FAULT"><con:mediaType xsi:nil="true"/><con:status>405</con:status><con:params/><con:element>data</con:element></con:representation><con:representation type="FAULT"><con:mediaType xsi:nil="true"/><con:status>405</con:status><con:params/><con:element>data</con:element></con:representation><con:representation type="RESPONSE"><con:mediaType>application/json; charset=utf-8</con:mediaType><con:status>200</con:status><con:params/><con:element xmlns:cal="http://localhost/HR_Services/employees/000010/CallableFlowsExample">cal:Response</con:element></con:representation><con:request name="000010" mediaType="application/json" postQueryString="false"><con:settings><con:setting id="com.eviware.soapui.impl.wsdl.WsdlRequest@request-headers">&lt;xml-fragment/></con:setting></con:settings><con:endpoint>http://localhost:7800/HR_Services/resources</con:endpoint><con:request>000010</con:request><con:originalUri>http://localhost/HR_Services/employees/000010/CallableFlowsExample</con:originalUri><con:credentials><con:authType>No Authorization</con:authType></con:credentials><con:jmsConfig JMSDeliveryMode="PERSISTENT"/><con:jmsPropertyConfig/><con:parameters><entry key="employeeNumber" value="000010" xmlns="http://eviware.com/soapui/config"/></con:parameters><con:parameterOrder><con:entry/></con:parameterOrder></con:request><con:request name="000030" mediaType="application/json" postQueryString="false"><con:settings><con:setting id="com.eviware.soapui.impl.wsdl.WsdlRequest@request-headers">&lt;xml-fragment/></con:setting></con:settings><con:endpoint>http://localhost:7800/HR_Services/resources</con:endpoint><con:request>000010</con:request><con:originalUri>http://localhost/HR_Services/employees/000010/CallableFlowsExample</con:originalUri><con:credentials><con:authType>No Authorization</con:authType></con:credentials><con:jmsConfig JMSDeliveryMode="PERSISTENT"/><con:jmsPropertyConfig/><con:parameters><entry key="employeeNumber" value="000030" xmlns="http://eviware.com/soapui/config"/></con:parameters><con:parameterOrder><con:entry/></con:parameterOrder></con:request><con:request name="000050" mediaType="application/json" postQueryString="false"><con:settings><con:setting id="com.eviware.soapui.impl.wsdl.WsdlRequest@request-headers">&lt;xml-fragment/></con:setting></con:settings><con:endpoint>http://localhost:7800/HR_Services/resources</con:endpoint><con:request>000010</con:request><con:originalUri>http://localhost/HR_Services/employees/000010/CallableFlowsExample</con:originalUri><con:credentials><con:authType>No Authorization</con:authType></con:credentials><con:jmsConfig JMSDeliveryMode="PERSISTENT"/><con:jmsPropertyConfig/><con:parameters><entry key="employeeNumber" value="000050" xmlns="http://eviware.com/soapui/config"/></con:parameters><con:parameterOrder><con:entry/></con:parameterOrder></con:request><con:request name="000070" mediaType="application/json" postQueryString="false"><con:settings><con:setting id="com.eviware.soapui.impl.wsdl.WsdlRequest@request-headers">&lt;xml-fragment/></con:setting></con:settings><con:endpoint>http://localhost:7800/HR_Services/resources</con:endpoint><con:request>000010</con:request><con:originalUri>http://localhost/HR_Services/employees/000010/CallableFlowsExample</con:originalUri><con:credentials><con:authType>No Authorization</con:authType></con:credentials><con:jmsConfig JMSDeliveryMode="PERSISTENT"/><con:jmsPropertyConfig/><con:parameters><entry key="employeeNumber" value="000070" xmlns="http://eviware.com/soapui/config"/></con:parameters><con:parameterOrder><con:entry/></con:parameterOrder></con:request><con:request name="000090" mediaType="application/json" postQueryString="false"><con:settings><con:setting id="com.eviware.soapui.impl.wsdl.WsdlRequest@request-headers">&lt;xml-fragment/></con:setting></con:settings><con:endpoint>http://localhost:7800/HR_Services/resources</con:endpoint><con:request>000010</con:request><con:originalUri>http://localhost/HR_Services/employees/000010/CallableFlowsExample</con:originalUri><con:credentials><con:authType>No Authorization</con:authType></con:credentials><con:jmsConfig JMSDeliveryMode="PERSISTENT"/><con:jmsPropertyConfig/><con:parameters><entry key="employeeNumber" value="000090" xmlns="http://eviware.com/soapui/config"/></con:parameters><con:parameterOrder><con:entry/></con:parameterOrder></con:request></con:method></con:resource></con:interface><con:testSuite name="HR_Services_LoadTest"><con:description>Load Test for BetaWorks HR_Services REST API</con:description><con:settings/><con:runType>PARALLELL</con:runType><con:testCase failOnError="true" failTestCaseOnErrors="true" keepSession="false" maxResults="0" name="000010" searchProperties="true" id="2d7a7f79-3bb4-4f16-bf59-74cfbd3e4e98"><con:settings/><con:testStep type="restrequest" name="HR_Services Callable Flows Async - 000010"><con:settings/><con:config service="http://localhost:7800" resourcePath="/employees/{employeeNumber}/CallableFlowsExample" methodName="Resources" xsi:type="con:RestRequestStep" xmlns:xsi="http://www.w3.org/2001/XMLSchema-instance"><con:restRequest name="HR_Services Callable Flows Async - 000010" mediaType="application/json" postQueryString="false"><con:settings><con:setting id="com.eviware.soapui.impl.wsdl.WsdlRequest@request-headers">&lt;xml-fragment/></con:setting></con:settings><con:endpoint>http://localhost:7800/HR_Services/resources</con:endpoint><con:request>000010</con:request><con:originalUri>http://localhost/HR_Services/employees/000010/CallableFlowsExample</con:originalUri><con:credentials><con:authType>No Authorization</con:authType></con:credentials><con:jmsConfig JMSDeliveryMode="PERSISTENT"/><con:jmsPropertyConfig/><con:parameters><entry key="employeeNumber" value="000010" xmlns="http://eviware.com/soapui/config"/></con:parameters><con:parameterOrder><con:entry/></con:parameterOrder></con:restRequest></con:config></con:testStep><con:properties/></con:testCase><con:testCase failOnError="true" failTestCaseOnErrors="true" keepSession="false" maxResults="0" name="000030" searchProperties="true" id="ba343c26-0167-430b-9e3d-555df8c98c1e"><con:settings/><con:testStep type="restrequest" name="HR_Services Callable Flows Async - 000030"><con:settings/><con:config service="http://localhost:7800" resourcePath="/employees/{employeeNumber}/CallableFlowsExample" methodName="Resources" xsi:type="con:RestRequestStep" xmlns:xsi="http://www.w3.org/2001/XMLSchema-instance"><con:restRequest name="HR_Services Callable Flows Async - 000030" mediaType="application/json" postQueryString="false"><con:settings><con:setting id="com.eviware.soapui.impl.wsdl.WsdlRequest@request-headers">&lt;xml-fragment/></con:setting></con:settings><con:endpoint>http://localhost:7800/HR_Services/resources</con:endpoint><con:request>000010</con:request><con:originalUri>http://localhost/HR_Services/employees/000010/CallableFlowsExample</con:originalUri><con:credentials><con:authType>No Authorization</con:authType></con:credentials><con:jmsConfig JMSDeliveryMode="PERSISTENT"/><con:jmsPropertyConfig/><con:parameters><entry key="employeeNumber" value="000030" xmlns="http://eviware.com/soapui/config"/></con:parameters><con:parameterOrder><con:entry/></con:parameterOrder></con:restRequest></con:config></con:testStep><con:properties/></con:testCase><con:testCase failOnError="true" failTestCaseOnErrors="true" keepSession="false" maxResults="0" name="000050" searchProperties="true" id="d24d5a0b-8a94-49f5-a380-787cea413ef4"><con:settings/><con:testStep type="restrequest" name="HR_Services Callable Flows Async - 000050"><con:settings/><con:config service="http://localhost:7800" resourcePath="/employees/{employeeNumber}/CallableFlowsExample" methodName="Resources" xsi:type="con:RestRequestStep" xmlns:xsi="http://www.w3.org/2001/XMLSchema-instance"><con:restRequest name="HR_Services Callable Flows Async - 000050" mediaType="application/json" postQueryString="false"><con:settings><con:setting id="com.eviware.soapui.impl.wsdl.WsdlRequest@request-headers">&lt;xml-fragment/></con:setting></con:settings><con:endpoint>http://localhost:7800/HR_Services/resources</con:endpoint><con:request>000010</con:request><con:originalUri>http://localhost/HR_Services/employees/000010/CallableFlowsExample</con:originalUri><con:credentials><con:authType>No Authorization</con:authType></con:credentials><con:jmsConfig JMSDeliveryMode="PERSISTENT"/><con:jmsPropertyConfig/><con:parameters><entry key="employeeNumber" value="000050" xmlns="http://eviware.com/soapui/config"/></con:parameters><con:parameterOrder><con:entry/></con:parameterOrder></con:restRequest></con:config></con:testStep><con:properties/></con:testCase><con:testCase failOnError="true" failTestCaseOnErrors="true" keepSession="false" maxResults="0" name="000070" searchProperties="true" id="a212b6df-fa1b-4808-b8f2-746d85b04118"><con:settings/><con:testStep type="restrequest" name="HR_Services Callable Flows Async - 000070"><con:settings/><con:config service="http://localhost:7800" resourcePath="/employees/{employeeNumber}/CallableFlowsExample" methodName="Resources" xsi:type="con:RestRequestStep" xmlns:xsi="http://www.w3.org/2001/XMLSchema-instance"><con:restRequest name="HR_Services Callable Flows Async - 000070" mediaType="application/json" postQueryString="false"><con:settings><con:setting id="com.eviware.soapui.impl.wsdl.WsdlRequest@request-headers">&lt;xml-fragment/></con:setting></con:settings><con:endpoint>http://localhost:7800/HR_Services/resources</con:endpoint><con:request>000010</con:request><con:originalUri>http://localhost/HR_Services/employees/000010/CallableFlowsExample</con:originalUri><con:credentials><con:authType>No Authorization</con:authType></con:credentials><con:jmsConfig JMSDeliveryMode="PERSISTENT"/><con:jmsPropertyConfig/><con:parameters><entry key="employeeNumber" value="000070" xmlns="http://eviware.com/soapui/config"/></con:parameters><con:parameterOrder><con:entry/></con:parameterOrder></con:restRequest></con:config></con:testStep><con:properties/></con:testCase><con:testCase failOnError="true" failTestCaseOnErrors="true" keepSession="false" maxResults="0" name="000090" searchProperties="true" id="32fe3fe6-ce15-4602-ab60-8ee70da48193"><con:settings/><con:testStep type="restrequest" name="HR_Services Callable Flows Async - 000090"><con:settings/><con:config service="http://localhost:7800" resourcePath="/employees/{employeeNumber}/CallableFlowsExample" methodName="Resources" xsi:type="con:RestRequestStep" xmlns:xsi="http://www.w3.org/2001/XMLSchema-instance"><con:restRequest name="HR_Services Callable Flows Async - 000090" mediaType="application/json" postQueryString="false"><con:settings><con:setting id="com.eviware.soapui.impl.wsdl.WsdlRequest@request-headers">&lt;xml-fragment/></con:setting></con:settings><con:endpoint>http://localhost:7800/HR_Services/resources</con:endpoint><con:request>000010</con:request><con:originalUri>http://localhost/HR_Services/employees/000010/CallableFlowsExample</con:originalUri><con:credentials><con:authType>No Authorization</con:authType></con:credentials><con:jmsConfig JMSDeliveryMode="PERSISTENT"/><con:jmsPropertyConfig/><con:parameters><entry key="employeeNumber" value="000090" xmlns="http://eviware.com/soapui/config"/></con:parameters><con:parameterOrder><con:entry/></con:parameterOrder></con:restRequest></con:config></con:testStep><con:properties/></con:testCase><con:properties/></con:testSuite><con:properties/><con:wssContainer/><con:oAuth2ProfileContainer/></con:soapui-project>