<?xml version="1.0" encoding="UTF-8" standalone="yes"?>
<MessagePool xmlns="http://wwww.ibm.com/iib/test/1.0.0">
    <SOAPInputMessage WSDL_URI="platform:/resource/EmployeeService_interface_and_maps/EmployeeService.wsdl" WSDL_OPERATION_OUT_NAME="getEmployeeResponse" WSDL_OPERATION_NAME="getEmployee" WSDL_OPERATION_IN_NAME="getEmployeeRequest" timestamp="1450697899535" nodeId="FCMComposite_1_1" name="Get employee 000012" id="1450697899535-303">
        <plainText>%3C%3Fxml+version%3D%221.0%22+encoding%3D%22UTF-8%22%3F%3E%3Ctns0%3AEnvelope+xmlns%3Atns0%3D%22http%3A%2F%2Fschemas.xmlsoap.org%2Fsoap%2Fenvelope%2F%22+xmlns%3Atns1%3D%22http%3A%2F%2FEmployeeService%22+xmlns%3Axsi%3D%22http%3A%2F%2Fwww.w3.org%2F2001%2FXMLSchema-instance%22%3E%0D%0A++%3Ctns0%3AHeader%2F%3E%0D%0A++%3Ctns0%3ABody%3E%0D%0A++++%3Ctns1%3AgetEmployee%3E%0D%0A++++++%3CemployeeNumber%3E000012%3C%2FemployeeNumber%3E%0D%0A++++%3C%2Ftns1%3AgetEmployee%3E%0D%0A++%3C%2Ftns0%3ABody%3E%0D%0A%3C%2Ftns0%3AEnvelope%3E</plainText>
    </SOAPInputMessage>
    <SOAPInputMessage WSDL_URI="platform:/resource/EmployeeService_interface_and_maps/EmployeeService.wsdl" WSDL_OPERATION_OUT_NAME="getEmployeeResponse" WSDL_OPERATION_NAME="getEmployee" WSDL_OPERATION_IN_NAME="getEmployeeRequest" timestamp="1450697525575" nodeId="FCMComposite_1_1" name="Get employee 000010" id="1450697525575-6">
        <plainText>%3C%3Fxml+version%3D%221.0%22+encoding%3D%22UTF-8%22%3F%3E%3Ctns0%3AEnvelope+xmlns%3Atns0%3D%22http%3A%2F%2Fschemas.xmlsoap.org%2Fsoap%2Fenvelope%2F%22+xmlns%3Atns1%3D%22http%3A%2F%2FEmployeeService%22+xmlns%3Axsi%3D%22http%3A%2F%2Fwww.w3.org%2F2001%2FXMLSchema-instance%22%3E%0D%0A++%3Ctns0%3AHeader%2F%3E%0D%0A++%3Ctns0%3ABody%3E%0D%0A++++%3Ctns1%3AgetEmployee%3E%0D%0A++++++%3CemployeeNumber%3E000010%3C%2FemployeeNumber%3E%0D%0A++++%3C%2Ftns1%3AgetEmployee%3E%0D%0A++%3C%2Ftns0%3ABody%3E%0D%0A%3C%2Ftns0%3AEnvelope%3E</plainText>
    </SOAPInputMessage>
    <SOAPInputMessage WSDL_URI="platform:/resource/EmployeeService_interface_and_maps/EmployeeService.wsdl" WSDL_OPERATION_OUT_NAME="getEmployeeResponse" WSDL_OPERATION_NAME="getEmployee" WSDL_OPERATION_IN_NAME="getEmployeeRequest" timestamp="1450707160081" nodeId="FCMComposite_1_1" name="Get employees matching 0020" id="1450707160081-127">
        <plainText>%3C%3Fxml+version%3D%221.0%22+encoding%3D%22UTF-8%22%3F%3E%3Ctns0%3AEnvelope+xmlns%3Atns0%3D%22http%3A%2F%2Fschemas.xmlsoap.org%2Fsoap%2Fenvelope%2F%22+xmlns%3Atns1%3D%22http%3A%2F%2FEmployeeService%22+xmlns%3Axsi%3D%22http%3A%2F%2Fwww.w3.org%2F2001%2FXMLSchema-instance%22%3E%0D%0A++%3Ctns0%3AHeader%2F%3E%0D%0A++%3Ctns0%3ABody%3E%0D%0A++++%3Ctns1%3AgetEmployee%3E%0D%0A++++++%3CemployeeNumber%3E0020%3C%2FemployeeNumber%3E%0D%0A++++%3C%2Ftns1%3AgetEmployee%3E%0D%0A++%3C%2Ftns0%3ABody%3E%0D%0A%3C%2Ftns0%3AEnvelope%3E</plainText>
    </SOAPInputMessage>
    <SOAPInputMessage WSDL_URI="platform:/resource/EmployeeService_interface_and_maps/EmployeeService.wsdl" WSDL_OPERATION_OUT_NAME="updEmployeeResponse" WSDL_OPERATION_NAME="updEmployee" WSDL_OPERATION_IN_NAME="updEmployeeRequest" timestamp="1450713113554" nodeId="FCMComposite_1_1" name="Update employee 000050" id="1450713113554-36">
        <plainText>%3C%3Fxml+version%3D%221.0%22+encoding%3D%22UTF-8%22%3F%3E%3Ctns0%3AEnvelope+xmlns%3Atns0%3D%22http%3A%2F%2Fschemas.xmlsoap.org%2Fsoap%2Fenvelope%2F%22+xmlns%3AQ10%3D%22http%3A%2F%2Fhrdb%2Fiibadmin%22+xmlns%3Atns1%3D%22http%3A%2F%2FEmployeeService%22+xmlns%3Axsi%3D%22http%3A%2F%2Fwww.w3.org%2F2001%2FXMLSchema-instance%22%3E%0D%0A++%3Ctns0%3AHeader%2F%3E%0D%0A++%3Ctns0%3ABody%3E%0D%0A++++%3Ctns1%3AupdEmployee%3E%0D%0A++++++%3CQ10%3AEMPLOYEE%3E%0D%0A++++++++%3CEMPNO%3E000050%3C%2FEMPNO%3E%0D%0A++++++++%3CFIRSTNME%3EDavid%3C%2FFIRSTNME%3E%0D%0A++++++++%3CMIDINIT%3EP%3C%2FMIDINIT%3E%0D%0A++++++++%3CLASTNAME%3EJacobs%3C%2FLASTNAME%3E%0D%0A++++++++%3CWORKDEPT%3EBBC%3C%2FWORKDEPT%3E%0D%0A++++++++%3CPHONENO%3E1234%3C%2FPHONENO%3E%0D%0A++++++++%3CHIREDATE%3E1902-01-01%3C%2FHIREDATE%3E%0D%0A+++++++++%3CJOB%3EDJ%3C%2FJOB%3E%0D%0A++++++++%3CEDLEVEL%3E6%3C%2FEDLEVEL%3E%0D%0A++++++++%3CSEX%3EM%3C%2FSEX%3E%0D%0A++++++++%3CBIRTHDATE%3E1802-01-01%3C%2FBIRTHDATE%3E%0D%0A++++++++%3CSALARY%3E60000%3C%2FSALARY%3E%0D%0A++++++++%3CBONUS%3E700%3C%2FBONUS%3E%0D%0A++++++++%3CCOMM%3E500%3C%2FCOMM%3E%0D%0A++++++%3C%2FQ10%3AEMPLOYEE%3E%0D%0A++++%3C%2Ftns1%3AupdEmployee%3E%0D%0A++%3C%2Ftns0%3ABody%3E%0D%0A%3C%2Ftns0%3AEnvelope%3E</plainText>
    </SOAPInputMessage>
    <SOAPInputMessage WSDL_URI="platform:/resource/EmployeeService_interface_and_maps/EmployeeService.wsdl" WSDL_OPERATION_OUT_NAME="getEmployeeResponse" WSDL_OPERATION_NAME="getEmployee" WSDL_OPERATION_IN_NAME="getEmployeeRequest" timestamp="1450713439115" nodeId="FCMComposite_1_1" name="Get employee 000050" id="1450713439115-602">
        <plainText>%3C%3Fxml+version%3D%221.0%22+encoding%3D%22UTF-8%22%3F%3E%3Ctns0%3AEnvelope+xmlns%3Atns0%3D%22http%3A%2F%2Fschemas.xmlsoap.org%2Fsoap%2Fenvelope%2F%22+xmlns%3Atns1%3D%22http%3A%2F%2FEmployeeService%22+xmlns%3Axsi%3D%22http%3A%2F%2Fwww.w3.org%2F2001%2FXMLSchema-instance%22%3E%0D%0A++%3Ctns0%3AHeader%2F%3E%0D%0A++%3Ctns0%3ABody%3E%0D%0A++++%3Ctns1%3AgetEmployee%3E%0D%0A++++++%3CemployeeNumber%3E000050%3C%2FemployeeNumber%3E%0D%0A++++%3C%2Ftns1%3AgetEmployee%3E%0D%0A++%3C%2Ftns0%3ABody%3E%0D%0A%3C%2Ftns0%3AEnvelope%3E</plainText>
    </SOAPInputMessage>
    <SOAPInputMessage WSDL_URI="platform:/resource/EmployeeService_interface_and_maps/EmployeeService.wsdl" WSDL_OPERATION_OUT_NAME="dltEmployeeResponse" WSDL_OPERATION_NAME="dltEmployee" WSDL_OPERATION_IN_NAME="dltEmployeeRequest" timestamp="1450714376930" nodeId="FCMComposite_1_1" name="Delete employee 000050" id="1450714376930-1117">
        <plainText>%3C%3Fxml+version%3D%221.0%22+encoding%3D%22UTF-8%22%3F%3E%3Ctns0%3AEnvelope+xmlns%3Atns0%3D%22http%3A%2F%2Fschemas.xmlsoap.org%2Fsoap%2Fenvelope%2F%22+xmlns%3Atns1%3D%22http%3A%2F%2FEmployeeService%22+xmlns%3Axsi%3D%22http%3A%2F%2Fwww.w3.org%2F2001%2FXMLSchema-instance%22%3E%0D%0A++%3Ctns0%3AHeader%2F%3E%0D%0A++%3Ctns0%3ABody%3E%0D%0A++++%3Ctns1%3AdltEmployee%3E%0D%0A++++++%3CemployeeNumber%3E000050%3C%2FemployeeNumber%3E%0D%0A++++%3C%2Ftns1%3AdltEmployee%3E%0D%0A++%3C%2Ftns0%3ABody%3E%0D%0A%3C%2Ftns0%3AEnvelope%3E</plainText>
    </SOAPInputMessage>
    <SOAPInputMessage WSDL_URI="platform:/resource/EmployeeService_interface_and_maps/EmployeeService.wsdl" WSDL_OPERATION_OUT_NAME="addEmployeeResponse" WSDL_OPERATION_NAME="addEmployee" WSDL_OPERATION_IN_NAME="addEmployeeRequest" timestamp="1450714826634" nodeId="FCMComposite_1_1" name="Add employee 000051" id="1450714826634-1903">
        <plainText>%3C%3Fxml+version%3D%221.0%22+encoding%3D%22UTF-8%22%3F%3E%3Ctns0%3AEnvelope+xmlns%3Atns0%3D%22http%3A%2F%2Fschemas.xmlsoap.org%2Fsoap%2Fenvelope%2F%22+xmlns%3AQ10%3D%22http%3A%2F%2Fhrdb%2Fiibadmin%22+xmlns%3Atns1%3D%22http%3A%2F%2FEmployeeService%22+xmlns%3Axsi%3D%22http%3A%2F%2Fwww.w3.org%2F2001%2FXMLSchema-instance%22%3E%0D%0A++%3Ctns0%3AHeader%2F%3E%0D%0A++%3Ctns0%3ABody%3E%0D%0A++++%3Ctns1%3AaddEmployee%3E%0D%0A++++++%3CQ10%3AEMPLOYEE%3E%0D%0A++++++++%3CEMPNO%3E000051%3C%2FEMPNO%3E%0D%0A++++++++%3CFIRSTNME%3EJohn%3C%2FFIRSTNME%3E%0D%0A++++++++%3CMIDINIT%3EA%3C%2FMIDINIT%3E%0D%0A++++++++%3CLASTNAME%3ESmith%3C%2FLASTNAME%3E%0D%0A++++++++%3CWORKDEPT%3EBTW%3C%2FWORKDEPT%3E%0D%0A++++++++%3CPHONENO%3E1234%3C%2FPHONENO%3E%0D%0A++++++++%3CHIREDATE%3E2002-01-01%3C%2FHIREDATE%3E%0D%0A++++++++%3CJOB%3EK%3C%2FJOB%3E%0D%0A++++++++%3CEDLEVEL%3E9%3C%2FEDLEVEL%3E%0D%0A++++++++%3CSEX%3EM%3C%2FSEX%3E%0D%0A++++++++%3CBIRTHDATE%3E2002-01-01%3C%2FBIRTHDATE%3E%0D%0A++++++++%3CSALARY%3E6660%3C%2FSALARY%3E%0D%0A++++++++%3CBONUS%3E5550%3C%2FBONUS%3E%0D%0A++++++++%3CCOMM%3E4440%3C%2FCOMM%3E%0D%0A++++++%3C%2FQ10%3AEMPLOYEE%3E%0D%0A++++%3C%2Ftns1%3AaddEmployee%3E%0D%0A++%3C%2Ftns0%3ABody%3E%0D%0A%3C%2Ftns0%3AEnvelope%3E</plainText>
    </SOAPInputMessage>
    <SOAPInputMessage WSDL_URI="platform:/resource/EmployeeService_interface_and_maps/EmployeeService.wsdl" WSDL_OPERATION_OUT_NAME="getEmployeeResponse" WSDL_OPERATION_NAME="getEmployee" WSDL_OPERATION_IN_NAME="getEmployeeRequest" timestamp="1450714935197" nodeId="FCMComposite_1_1" name="Get employee 000051" id="1450714935197-2387">
        <plainText>%3C%3Fxml+version%3D%221.0%22+encoding%3D%22UTF-8%22%3F%3E%3Ctns0%3AEnvelope+xmlns%3Atns0%3D%22http%3A%2F%2Fschemas.xmlsoap.org%2Fsoap%2Fenvelope%2F%22+xmlns%3Atns1%3D%22http%3A%2F%2FEmployeeService%22+xmlns%3Axsi%3D%22http%3A%2F%2Fwww.w3.org%2F2001%2FXMLSchema-instance%22%3E%0D%0A++%3Ctns0%3AHeader%2F%3E%0D%0A++%3Ctns0%3ABody%3E%0D%0A++++%3Ctns1%3AgetEmployee%3E%0D%0A++++++%3CemployeeNumber%3E000051%3C%2FemployeeNumber%3E%0D%0A++++%3C%2Ftns1%3AgetEmployee%3E%0D%0A++%3C%2Ftns0%3ABody%3E%0D%0A%3C%2Ftns0%3AEnvelope%3E</plainText>
    </SOAPInputMessage>
</MessagePool>
