{
  "swagger" : "2.0",
  "info" : {
    "title" : "HR Employee and Department Services",
    "description" : "This is the HR Swagger document for the Employee and Department Services used by the IIB BetaWorks REST labs. It contains resource definitions and JSON model definitions.",
    "version" : "4.0.0"
  },
  "basePath" : "/HR_Services/resources",
  "tags" : [ {
    "name" : "employees",
    "description" : "Lists all of the employees at ACME"
  }, {
    "name" : "departments",
    "description" : "Lists all of the departments at ACME"
  } ],
  "paths" : {
    "/departments" : {
      "get" : {
        "tags" : [ "departments" ],
        "summary" : "Retrieve a list of the departments",
        "description" : "Retrieve a list of the departments",
        "operationId" : "getDepartments",
        "produces" : [ "application/json" ],
        "responses" : {
          "200" : {
            "description" : "OK"
          },
          "500" : {
            "description" : "Something wrong in Server"
          }
        }
      },
      "post" : {
        "tags" : [ "departments" ],
        "summary" : "Creates a new department",
        "description" : "Creates a new department in the database.  The <b>DEPTNO</b> that you specify must be unique. The department will not have a manager assigned.",
        "operationId" : "createDepartment",
        "consumes" : [ "application/json" ],
        "produces" : [ "application/json" ],
        "parameters" : [ {
          "in" : "body",
          "name" : "body",
          "description" : "",
          "required" : false,
          "schema" : {
            "$ref" : "#/definitions/DEPARTMENT"
          }
        } ],
        "responses" : {
          "200" : {
            "description" : "successful operation",
            "schema" : {
              "$ref" : "#/definitions/DEPARTMENT"
            }
          },
          "201" : {
            "description" : "Created"
          },
          "500" : {
            "description" : "A problem occurred creating the department"
          }
        }
      }
    },
    "/employees" : {
      "get" : {
        "tags" : [ "employees" ],
        "summary" : "Retrieve a list of the employees",
        "description" : "Retrieve a list of the employees",
        "operationId" : "getEmployees",
        "produces" : [ "application/json" ],
        "responses" : {
          "200" : {
            "description" : "OK"
          },
          "500" : {
            "description" : "Something wrong in Server"
          }
        }
      },
      "post" : {
        "tags" : [ "employees" ],
        "summary" : "Creates a new employee",
        "description" : "Creates a new employee in the database.  The <b>EMPNO</b> that you specify must be unique. The employee will not have a department assigned.",
        "operationId" : "createEmployee",
        "consumes" : [ "application/json" ],
        "produces" : [ "application/json" ],
        "parameters" : [ {
          "in" : "body",
          "name" : "body",
          "description" : "",
          "required" : false,
          "schema" : {
            "$ref" : "#/definitions/EMPLOYEE"
          }
        } ],
        "responses" : {
          "200" : {
            "description" : "successful operation",
            "schema" : {
              "$ref" : "#/definitions/EMPLOYEE"
            }
          },
          "201" : {
            "description" : "Created"
          },
          "500" : {
            "description" : "A problem occurred creating the employee"
          }
        }
      }
    },
    "/employees/supplementary" : {
      "get" : {
        "operationId" : "getSupplementary",
        "responses" : {
          "200" : {
            "description" : "The operation was successful.",
            "schema" : {
              "$ref" : "#/definitions/EmployeeSupplementaryResponse"
            }
          }
        },
        "produces" : [ "application/json" ],
        "description" : "Retrieve supplementary",
        "parameters" : [ {
          "name" : "employeeNumber",
          "in" : "query",
          "type" : "string",
          "required" : true
        } ]
      },
      "post" : {
        "operationId" : "postSupplementary",
        "responses" : {
          "200" : {
            "description" : "The operation was successful."
          }
        },
        "consumes" : [ "application/json" ],
        "produces" : [ "application/json" ],
        "description" : "Insert a supplementary",
        "parameters" : [ {
          "name" : "body",
          "in" : "body",
          "schema" : {
            "$ref" : "#/definitions/EMPLOYEE"
          },
          "description" : "The request body for the operation",
          "required" : true
        } ]
      }
    },
    "/employees/complete" : {
      "get" : {
        "operationId" : "getComplete",
        "responses" : {
          "200" : {
            "description" : "The operation was successful.",
            "schema" : {
              "$ref" : "#/definitions/CompleteResponse"
            }
          }
        },
        "produces" : [ "application/json" ],
        "description" : "Retrieve complete",
        "parameters" : [ {
          "name" : "employeeNumber",
          "in" : "query",
          "type" : "string",
          "required" : true
        } ]
      }
    },
    "/employees/employee" : {
      "get" : {
        "operationId" : "getEmployee",
        "responses" : {
          "200" : {
            "description" : "The operation was successful.",
            "schema" : {
              "$ref" : "#/definitions/EmployeeResponse"
            }
          }
        },
        "produces" : [ "application/json" ],
        "description" : "Retrieve employee",
        "parameters" : [ {
          "name" : "employeeNumber",
          "in" : "query",
          "type" : "string",
          "required" : true
        } ]
      },
      "post" : {
        "operationId" : "postEmployee",
        "responses" : {
          "200" : {
            "description" : "The operation was successful."
          }
        },
        "consumes" : [ "application/json" ],
        "produces" : [ "application/json" ],
        "description" : "Insert a employee",
        "parameters" : [ {
          "name" : "body",
          "in" : "body",
          "schema" : {
            "$ref" : "#/definitions/EMPLOYEE"
          },
          "description" : "The request body for the operation",
          "required" : true
        } ]
      },
      "delete" : {
        "operationId" : "deleteEmployee",
        "responses" : {
          "200" : {
            "description" : "The operation was successful.",
            "schema" : {
              "$ref" : "#/definitions/CompleteResponse"
            }
          }
        },
        "produces" : [ "application/json" ],
        "description" : "Remove from employee",
        "parameters" : [ {
          "name" : "employeeNumber",
          "in" : "header",
          "type" : "string"
        } ]
      }
    },
    "/departments/department" : {
      "get" : {
        "operationId" : "getDepartment",
        "responses" : {
          "200" : {
            "description" : "The operation was successful.",
            "schema" : {
              "$ref" : "#/definitions/EMPLOYEE"
            }
          }
        },
        "produces" : [ "application/json" ],
        "description" : "Retrieve department",
        "parameters" : [ {
          "name" : "departmentKey",
          "in" : "query",
          "type" : "string",
          "required" : true
        } ]
      }
    },
    "/employees/complete/multipart" : {
      "post" : {
        "operationId" : "createEmployeeFromMultipart",
        "responses" : {
          "200" : {
            "description" : "The operation was successful.",
            "schema" : {
              "$ref" : "#/definitions/CompleteResponse"
            }
          }
        },
        "consumes" : [ "application/json" ],
        "produces" : [ "application/json" ],
        "description" : "Create a new employee record from a multipart request",
        "parameters" : [ {
          "name" : "body",
          "in" : "body",
          "schema" : {
            "$ref" : "#/definitions/EmployeeAddUpdateCompleteRequest"
          },
          "description" : "The request body for the operation",
          "required" : true
        } ]
      }
    },
    "/employees/complete/embeddedimage" : {
      "post" : {
        "operationId" : "createEmployeefromtEmbeddedimage",
        "responses" : {
          "200" : {
            "description" : "The operation was successful.",
            "schema" : {
              "$ref" : "#/definitions/CompleteResponse"
            }
          }
        },
        "consumes" : [ "application/json" ],
        "produces" : [ "application/json" ],
        "description" : "Insert a embeddedimage",
        "parameters" : [ {
          "name" : "body",
          "in" : "body",
          "schema" : {
            "$ref" : "#/definitions/EmployeeAddUpdateCompleteRequest"
          },
          "description" : "The request body for the operation",
          "required" : true
        } ]
      }
    }
  },
  "definitions" : {
    "EMPLOYEE" : {
      "required" : [ "BIRTHDATE", "EMPNO", "FIRSTNME", "HIREDATE" ],
      "properties" : {
        "EMPNO" : {
          "type" : "string",
          "description" : "Employee number"
        },
        "FIRSTNME" : {
          "type" : "string",
          "description" : "First name"
        },
        "MIDINIT" : {
          "type" : "string",
          "description" : "Middle initial"
        },
        "LASTNAME" : {
          "type" : "string",
          "description" : "Last name"
        },
        "WORKDEPT" : {
          "type" : "string",
          "description" : "Work department"
        },
        "PHONENO" : {
          "type" : "string",
          "description" : "Phone number"
        },
        "HIREDATE" : {
          "type" : "string",
          "format" : "date",
          "description" : "Hire date"
        },
        "JOB" : {
          "type" : "string",
          "description" : "Job"
        },
        "EDLEVEL" : {
          "type" : "integer",
          "description" : "Employee number"
        },
        "SEX" : {
          "type" : "string",
          "description" : "Gender (M or F)"
        },
        "BIRTHDATE" : {
          "type" : "string",
          "format" : "date",
          "description" : "Date of birth"
        },
        "SALARY" : {
          "type" : "number",
          "format" : "double",
          "description" : "Salary"
        },
        "BONUS" : {
          "type" : "number",
          "format" : "double",
          "description" : "Bonus"
        },
        "COMM" : {
          "type" : "number",
          "format" : "double",
          "description" : "Commission"
        }
      },
      "description" : "Employee resource representation"
    },
    "DEPARTMENT" : {
      "type" : "object",
      "properties" : {
        "DEPTNO" : {
          "type" : "string"
        },
        "DEPTNAME" : {
          "type" : "string"
        },
        "MGRNO" : {
          "type" : "string"
        },
        "ADMRDEPT" : {
          "type" : "string"
        },
        "LOCATION" : {
          "type" : "string"
        }
      }
    },
    "DBRESP" : {
      "type" : "object",
      "properties" : {
        "UserReturnCode" : {
          "type" : "integer"
        },
        "RowsRetrieved" : {
          "type" : "integer"
        },
        "RowsAdded" : {
          "type" : "integer"
        },
        "RowsUpdated" : {
          "type" : "integer"
        },
        "RowsDeleted" : {
          "type" : "integer"
        },
        "SQLCODE_Errorcode" : {
          "type" : "integer"
        },
        "SQLSTATE_SQLState" : {
          "type" : "string"
        },
        "SQL_Error_Message" : {
          "type" : "string"
        }
      }
    },
    "EmployeeResponse" : {
      "type" : "object",
      "properties" : {
        "DBResp" : {
          "$ref" : "#/definitions/DBRESP"
        },
        "Employee" : {
          "type" : "array",
          "items" : {
            "$ref" : "#/definitions/EMPLOYEE"
          }
        }
      }
    },
    "DepartmentResponse" : {
      "type" : "object",
      "properties" : {
        "DBResp" : {
          "$ref" : "#/definitions/DBRESP"
        },
        "Department" : {
          "type" : "array",
          "items" : {
            "$ref" : "#/definitions/DEPARTMENT"
          }
        }
      }
    },
    "CompleteResponse" : {
      "type" : "object",
      "properties" : {
        "DBResp_employee" : {
          "$ref" : "#/definitions/DBRESP"
        },
        "Employee" : {
          "$ref" : "#/definitions/EMPLOYEE"
        },
        "DBResp_department" : {
          "$ref" : "#/definitions/DBRESP"
        },
        "Department" : {
          "$ref" : "#/definitions/DEPARTMENT"
        },
        "DBResp_employee_supplementary" : {
          "$ref" : "#/definitions/DBRESP"
        },
        "Employee_supplementary" : {
          "$ref" : "#/definitions/EMPLOYEE_SUPPLEMENTARY"
        }
      }
    },
    "EMPLOYEE_SUPPLEMENTARY" : {
      "type" : "object",
      "properties" : {
        "EMPNO_SUPP" : {
          "type" : "string",
          "format" : null
        },
        "EMAIL" : {
          "type" : "string"
        },
        "MOBILEPHONE" : {
          "type" : "string"
        },
        "TWITTERID" : {
          "type" : "string"
        },
        "BOXID" : {
          "type" : "string"
        },
        "IMAGE" : {
          "type" : "string"
        }
      }
    },
    "EmployeeSupplementaryResponse" : {
      "type" : "object",
      "properties" : {
        "DBResp" : {
          "$ref" : "#/definitions/DBRESP"
        },
        "Employee_supplementary" : {
          "$ref" : "#/definitions/EMPLOYEE_SUPPLEMENTARY"
        }
      }
    },
    "EmployeeAddUpdateCompleteRequest" : {
      "type" : "object",
      "properties" : {
        "Employee" : {
          "$ref" : "#/definitions/EMPLOYEE"
        },
        "EmployeeSupplementary" : {
          "$ref" : "#/definitions/EMPLOYEE_SUPPLEMENTARY"
        }
      }
    }
  },
  "schemes" : [ "http" ],
  "host" : "localhost:7800"
}