<?xml version="1.0" encoding="UTF-8" standalone="yes"?>
<MessagePool xmlns="http://wwww.ibm.com/iib/test/1.0.0">
    <InputMessage timestamp="1424863033839" nodeId="FCMComposite_1_4" name="Emp000020" id="1424863033839-23">
        <plainText>{&quot;empNumber&quot;:&quot;000020&quot;}</plainText>
    </InputMessage>
    <InputMessage timestamp="1424795700588" nodeId="FCMComposite_1_4" name="Emp000010" id="1424795700588-12">
        <plainText>{&quot;empNumber&quot;:&quot;000010&quot;}</plainText>
    </InputMessage>
    <InputMessage timestamp="1425395865626" nodeId="FCMComposite_1_4" name="694 Emp000010" id="1425395865626-153">
        <plainText>{&quot;empNumber&quot;:&quot;000020&quot;}</plainText>
    </InputMessage>
</MessagePool>
