<?xml version="1.0" encoding="UTF-8" standalone="yes"?>
<MessagePool xmlns="http://wwww.ibm.com/iib/test/1.0.0">
    <SOAPInputMessage WSDL_URI="platform:/resource/EmployeeService_interface_and_maps/EmployeeService.wsdl" WSDL_OPERATION_OUT_NAME="getEmployeeResponse" WSDL_OPERATION_NAME="getEmployee" WSDL_OPERATION_IN_NAME="getEmployeeRequest" timestamp="1450697899535" nodeId="FCMComposite_1_1" name="Get employee 000012" id="1450697899535-303">
        <plainText>%3C%3Fxml+version%3D%221.0%22+encoding%3D%22UTF-8%22%3F%3E%3Ctns0%3AEnvelope+xmlns%3Atns0%3D%22http%3A%2F%2Fschemas.xmlsoap.org%2Fsoap%2Fenvelope%2F%22+xmlns%3Atns1%3D%22http%3A%2F%2FEmployeeService%22+xmlns%3Axsi%3D%22http%3A%2F%2Fwww.w3.org%2F2001%2FXMLSchema-instance%22%3E%0D%0A++%3Ctns0%3AHeader%2F%3E%0D%0A++%3Ctns0%3ABody%3E%0D%0A++++%3Ctns1%3AgetEmployee%3E%0D%0A++++++%3CemployeeNumber%3E000012%3C%2FemployeeNumber%3E%0D%0A++++%3C%2Ftns1%3AgetEmployee%3E%0D%0A++%3C%2Ftns0%3ABody%3E%0D%0A%3C%2Ftns0%3AEnvelope%3E</plainText>
    </SOAPInputMessage>
    <SOAPInputMessage WSDL_URI="platform:/resource/EmployeeService_interface_and_maps/EmployeeService.wsdl" WSDL_OPERATION_OUT_NAME="getEmployeeResponse" WSDL_OPERATION_NAME="getEmployee" WSDL_OPERATION_IN_NAME="getEmployeeRequest" timestamp="1450697525575" nodeId="FCMComposite_1_1" name="Get employee 000010" id="1450697525575-6">
        <plainText>%3C%3Fxml+version%3D%221.0%22+encoding%3D%22UTF-8%22%3F%3E%3Ctns0%3AEnvelope+xmlns%3Atns0%3D%22http%3A%2F%2Fschemas.xmlsoap.org%2Fsoap%2Fenvelope%2F%22+xmlns%3Atns1%3D%22http%3A%2F%2FEmployeeService%22+xmlns%3Axsi%3D%22http%3A%2F%2Fwww.w3.org%2F2001%2FXMLSchema-instance%22%3E%0D%0A++%3Ctns0%3AHeader%2F%3E%0D%0A++%3Ctns0%3ABody%3E%0D%0A++++%3Ctns1%3AgetEmployee%3E%0D%0A++++++%3CemployeeNumber%3E000010%3C%2FemployeeNumber%3E%0D%0A++++%3C%2Ftns1%3AgetEmployee%3E%0D%0A++%3C%2Ftns0%3ABody%3E%0D%0A%3C%2Ftns0%3AEnvelope%3E</plainText>
    </SOAPInputMessage>
    <SOAPInputMessage WSDL_URI="platform:/resource/EmployeeService_interface_and_maps/EmployeeService.wsdl" WSDL_OPERATION_OUT_NAME="getEmployeeResponse" WSDL_OPERATION_NAME="getEmployee" WSDL_OPERATION_IN_NAME="getEmployeeRequest" timestamp="1450707160081" nodeId="FCMComposite_1_1" name="Get employees matching 0020" id="1450707160081-127">
        <plainText>%3C%3Fxml+version%3D%221.0%22+encoding%3D%22UTF-8%22%3F%3E%3Ctns0%3AEnvelope+xmlns%3Atns0%3D%22http%3A%2F%2Fschemas.xmlsoap.org%2Fsoap%2Fenvelope%2F%22+xmlns%3Atns1%3D%22http%3A%2F%2FEmployeeService%22+xmlns%3Axsi%3D%22http%3A%2F%2Fwww.w3.org%2F2001%2FXMLSchema-instance%22%3E%0D%0A++%3Ctns0%3AHeader%2F%3E%0D%0A++%3Ctns0%3ABody%3E%0D%0A++++%3Ctns1%3AgetEmployee%3E%0D%0A++++++%3CemployeeNumber%3E0020%3C%2FemployeeNumber%3E%0D%0A++++%3C%2Ftns1%3AgetEmployee%3E%0D%0A++%3C%2Ftns0%3ABody%3E%0D%0A%3C%2Ftns0%3AEnvelope%3E</plainText>
    </SOAPInputMessage>
</MessagePool>
