<?xml version="1.0" encoding="UTF-8" standalone="yes"?>
<MessagePool xmlns="http://wwww.ibm.com/iib/test/1.0.0">
    <InputMessage timestamp="1427127131097" nodeId="FCMComposite_1_4" name="User 000010" id="1427127131097-10">
        <plainText>{&quot;empNumber&quot;:&quot;000010&quot;}</plainText>
    </InputMessage>
    <InputMessage timestamp="1427127131097" nodeId="FCMComposite_1_4" name="User 000020" id="1427127131097-10">
        <plainText>{&quot;empNumber&quot;:&quot;000020&quot;}</plainText>
    </InputMessage>
</MessagePool>
