<?xml version="1.0" encoding="UTF-8"?>
<tns:Employee xmlns:tns="http://www.BPMDemo.com/Employee" xmlns:xsi="http://www.w3.org/2001/XMLSchema-instance" xsi:schemaLocation="http://www.BPMDemo.com/Employee EmployeeXML.xsd ">
  <EmpNo>EmpNo</EmpNo>
  <FirstName>FirstName</FirstName>
  <Initial>Initial</Initial>
  <LastName>LastName</LastName>
  <Dept>Dept</Dept>
  <Phone>Phone</Phone>
  <Job>Job</Job>
  <EdLevel>EdLevel</EdLevel>
  <Sex>Sex</Sex>
  <Salary>Salary</Salary>
  <Bonus>Bonus</Bonus>
  <Commission>Commission</Commission>
</tns:Employee>
