{
  "swagger" : "2.0",
  "info" : {
    "title" : "Swagger EMPLOYEE",
    "version" : "0.0.1"
  },
  "basePath" : "/u4ATYX",
  "paths" : {
    "/EMPLOYEE" : {
      "post" : {
        "tags" : [ "EMPLOYEE" ],
        "summary" : "Create a new instance of the model and persist it into the data source.",
        "operationId" : "EMPLOYEE.create",
        "parameters" : [ {
          "name" : "data",
          "in" : "body",
          "description" : "Model instance data",
          "required" : false,
          "schema" : {
            "description" : "Model instance data",
            "$ref" : "#/definitions/EMPLOYEE"
          }
        } ],
        "responses" : {
          "200" : {
            "description" : "Request was successful",
            "schema" : {
              "$ref" : "#/definitions/EMPLOYEE"
            }
          }
        },
        "deprecated" : false,
        "security" : [ {
          "basicAuth" : [ ]
        } ]
      }
    }
  },
  "tags" : [ {
    "name" : "EMPLOYEE"
  } ],
  "host" : "apis-1.appconnect.ibmcloud.com",
  "schemes" : [ "https" ],
  "consumes" : [ "application/json", "application/x-www-form-urlencoded", "application/xml", "text/xml" ],
  "produces" : [ "application/json", "application/xml", "text/xml", "application/javascript", "text/javascript" ],
  "definitions" : {
    "EMPLOYEE" : {
      "properties" : {
        "RowNumber" : {
          "type" : "string"
        },
        "EMPNO" : {
          "type" : "string"
        },
        "FIRSTNME" : {
          "type" : "string"
        },
        "LASTNAME" : {
          "type" : "string"
        }
      },
      "required" : [ "EMPNO", "FIRSTNME", "LASTNAME" ],
      "additionalProperties" : false
    }
  },
  "securityDefinitions" : {
    "basicAuth" : {
      "type" : "basic"
    }
  }
}