<?xml version="1.0" encoding="UTF-8" standalone="yes"?>
<MessagePool xmlns="http://wwww.ibm.com/iib/test/1.0.0">
    <InputMessage timestamp="1427049078581" nodeId="FCMComposite_1_1" name="Get employee 000010" id="1427049078581-2889">
        <plainText>{&quot;empNumber&quot;:&quot;000010&quot;}</plainText>
    </InputMessage>
    <InputMessage timestamp="1427057685921" nodeId="FCMComposite_1_1" name="Get employee 000012 (record does not exist)" id="1427057685921-3017">
        <plainText>{&quot;empNumber&quot;:&quot;000012&quot;}</plainText>
    </InputMessage>
    <InputMessage timestamp="1427057753742" nodeId="FCMComposite_1_1" name="Get employee 0000123 (invalid record - keylength too long)" id="1427057753742-3054">
        <plainText>{&quot;empNumber&quot;:&quot;0000123&quot;}</plainText>
    </InputMessage>
    <InputMessage timestamp="1427111508618" nodeId="FCMComposite_1_1" name="Get employee 000050" id="1427111508618-3668">
        <plainText>{&quot;empNumber&quot;:&quot;000050&quot;}</plainText>
    </InputMessage>
</MessagePool>
