<?xml version="1.0" encoding="UTF-8" standalone="yes"?>
<MessagePool xmlns="http://wwww.ibm.com/iib/test/1.0.0">
    <InputMessage timestamp="1495450007137" nodeId="FCMComposite_1_1" name="Employee 000160 (salary 62250, bonus 400" id="1495450007137-1293">
        <plainText>%7B%22employee_in%22%3A%22000160%22%7D</plainText>
    </InputMessage>
    <InputMessage timestamp="1495450080293" nodeId="FCMComposite_1_1" name="Employee 000150 (salary 55280, bonus 500" id="1495450080293-1389">
        <plainText>%7B%22employee_in%22%3A%22000150%22%7D</plainText>
    </InputMessage>
    <InputMessage timestamp="1495450077005" nodeId="FCMComposite_1_1" name="Employee 000130 (salary 73800, bonus 500" id="1495450077005-1382">
        <plainText>%7B%22employee_in%22%3A%22000130%22%7D</plainText>
    </InputMessage>
    <InputMessage timestamp="1495450073963" nodeId="FCMComposite_1_1" name="Employee 000120 (salary 49250, bonus 600)" id="1495450073963-1375">
        <plainText>%7B%22employee_in%22%3A%22000120%22%7D</plainText>
    </InputMessage>
</MessagePool>
