<?xml version="1.0" encoding="UTF-8"?>
<hrdbiibadmin:EMPLOYEE xmlns:hrdbiibadmin="http://hrdb/iibadmin" xmlns:xsi="http://www.w3.org/2001/XMLSchema-instance" xsi:schemaLocation="http://hrdb/iibadmin HRDB.xsd ">
  <EMPNO>000010</EMPNO>
  <FIRSTNME>David</FIRSTNME>
  <MIDINIT>D</MIDINIT>
  <LASTNAME>Johnson</LASTNAME>
  <WORKDEPT>A00</WORKDEPT>
  <PHONENO>1234</PHONENO>
  <HIREDATE>2001-01-01</HIREDATE>
  <JOB>JOB</JOB>
  <EDLEVEL>9</EDLEVEL>
  <SEX>M</SEX>
  <BIRTHDATE>2001-01-01</BIRTHDATE>
  <SALARY>10000</SALARY>
  <BONUS>60</BONUS>
  <COMM>100</COMM>
</hrdbiibadmin:EMPLOYEE>
