<?xml version="1.0" encoding="UTF-8" standalone="yes"?>
<MessagePool xmlns="http://wwww.ibm.com/iib/test/1.0.0">
	<InputMessage timestamp="1425474336854" nodeId="FCMComposite_1_1" name="new message 1" id="1425474336854-211">
        <plainText>{&quot;empNumber&quot;:&quot;000010&quot;}</plainText>
    </InputMessage>
    <InputMessage timestamp="1425474336854" nodeId="FCMComposite_1_1" name="new message 1" id="1425474336854-211">
        <plainText>{&quot;empNumber&quot;:&quot;000010&quot;}</plainText>
    </InputMessage>
</MessagePool>
