<?xml version="1.0" encoding="UTF-8" standalone="yes"?>
<MessagePool xmlns="http://wwww.ibm.com/iib/test/1.0.0">
    <InputMessage timestamp="1427126599542" nodeId="FCMComposite_1_10" name="000070" id="1427126599542-7271">
        <plainText>{&quot;empNumber&quot;:&quot;000070&quot;}</plainText>
    </InputMessage>
    <InputMessage timestamp="1427126389189" nodeId="FCMComposite_1_10" name="000050" id="1427126389189-7202">
        <plainText>{&quot;empNumber&quot;:&quot;000050&quot;}</plainText>
    </InputMessage>
</MessagePool>
